id,ip_address,date_accessed
1,88.134.124.181,2017-02-02 23:22:38
2,177.16.239.196,2015-06-13 19:00:48
3,131.250.137.177,2015-09-20 20:37:32
4,224.203.201.94,2015-04-08 03:13:08
5,250.222.29.141,2015-06-27 23:59:15
6,235.199.255.186,2016-06-30 04:33:44
7,128.34.23.163,2016-06-02 23:42:54
8,148.94.61.119,2015-07-13 20:50:12
9,30.148.81.81,2015-12-24 17:28:23
10,239.36.70.51,2015-06-21 18:24:46
11,52.32.129.45,2015-08-28 01:47:01
12,121.38.123.131,2016-05-12 21:08:06
13,214.120.234.131,2016-01-27 21:24:26
14,6.47.68.15,2015-12-28 11:29:57
15,154.219.113.102,2015-04-23 15:54:45
16,138.16.36.235,2016-08-28 19:30:26
17,123.3.33.191,2016-03-10 00:07:48
18,217.104.179.197,2016-08-13 03:28:47
19,178.227.72.222,2015-08-04 13:10:47
20,66.106.0.217,2016-04-29 00:45:38
21,239.199.20.53,2015-10-29 23:56:57
22,85.107.255.41,2016-07-29 00:11:19
23,115.67.108.235,2016-10-28 00:33:10
24,16.46.129.74,2015-10-12 02:46:28
25,200.90.197.248,2016-04-18 17:48:59
26,8.82.84.231,2015-12-27 13:45:48
27,30.16.163.12,2017-02-10 05:26:17
28,141.33.170.121,2016-08-25 19:05:28
29,91.181.98.96,2015-11-05 22:12:43
30,110.42.224.55,2016-03-29 03:37:41
31,92.104.100.253,2016-08-20 05:51:36
32,15.181.104.75,2016-10-28 09:27:43
33,227.27.67.91,2016-01-10 13:41:52
34,248.185.61.62,2015-10-13 17:20:32
35,143.202.247.221,2015-03-15 10:52:45
36,195.197.27.37,2016-04-30 20:29:20
37,149.125.217.190,2015-03-21 23:09:23
38,167.178.197.112,2016-03-08 16:14:36
39,47.146.221.16,2016-12-17 19:28:34
40,124.252.242.192,2017-02-12 04:26:34
41,13.83.72.35,2015-09-29 07:55:27
42,171.131.252.83,2016-12-06 19:49:31
43,31.96.220.122,2015-11-10 20:27:54
44,93.251.19.193,2016-10-22 05:02:52
45,48.175.4.117,2016-05-04 12:37:56
46,41.156.228.82,2015-11-28 20:57:50
47,255.109.226.191,2015-06-17 12:52:54
48,100.178.235.102,2016-02-07 17:16:50
49,6.87.17.155,2015-09-16 07:53:49
50,212.36.111.221,2016-05-31 06:34:40
51,121.239.160.159,2016-08-13 02:14:27
52,184.24.176.97,2016-10-27 06:40:09
53,84.143.197.175,2015-04-10 11:14:52
54,141.10.4.212,2017-02-10 20:56:17
55,143.141.190.88,2015-07-04 17:31:17
56,71.177.17.243,2015-06-22 01:09:57
57,98.76.169.44,2017-01-13 13:15:43
58,121.4.167.129,2016-01-31 08:50:28
59,67.45.230.70,2016-07-10 08:45:46
60,34.89.11.133,2015-03-02 21:54:20
61,60.209.146.252,2015-06-08 11:56:04
62,142.253.241.129,2015-11-25 09:26:41
63,22.74.217.93,2016-01-15 15:48:44
64,17.84.177.29,2015-05-26 19:53:39
65,105.163.127.49,2015-07-26 11:37:32
66,201.130.111.227,2016-03-01 17:30:35
67,249.96.66.193,2015-09-30 17:51:30
68,64.76.53.154,2016-02-22 16:19:20
69,15.148.246.37,2015-10-31 11:27:46
70,34.12.252.177,2016-07-08 08:00:07
71,11.229.225.155,2016-05-20 16:11:10
72,217.214.14.103,2015-04-26 15:53:44
73,98.127.115.81,2016-11-08 08:53:58
74,154.151.211.32,2016-06-10 00:27:45
75,3.250.41.162,2016-07-10 07:58:51
76,105.166.240.119,2015-11-14 04:43:30
77,24.20.235.36,2017-02-06 17:50:25
78,24.227.120.250,2017-01-02 12:26:07
79,15.147.111.205,2015-04-22 13:04:58
80,204.213.34.236,2015-05-01 00:57:41
81,197.164.165.16,2015-03-09 17:02:14
82,98.234.178.4,2016-03-29 18:30:02
83,189.186.50.215,2016-06-08 13:00:14
84,82.241.249.156,2017-01-15 20:08:05
85,177.143.99.38,2016-02-09 06:02:58
86,223.23.184.167,2015-06-27 08:19:46
87,97.25.229.180,2015-09-05 11:59:37
88,111.145.49.76,2016-05-13 19:39:37
89,248.80.171.17,2015-07-31 07:24:49
90,64.200.162.58,2015-10-27 02:50:43
91,48.8.144.159,2017-02-07 17:19:16
92,85.42.0.252,2015-08-26 22:00:07
93,119.126.186.121,2016-07-26 13:26:22
94,173.48.222.193,2015-06-14 02:12:12
95,132.26.89.10,2015-09-27 15:27:09
96,210.139.47.214,2015-12-19 02:33:52
97,99.65.80.208,2016-07-05 15:33:35
98,44.117.216.84,2015-10-29 04:00:40
99,189.114.15.217,2015-11-04 00:50:10
100,183.213.100.121,2016-01-06 09:27:31
101,59.170.25.149,2016-05-17 21:39:01
102,160.117.95.23,2016-05-05 05:58:49
103,109.159.114.78,2015-06-07 14:50:40
104,14.9.237.191,2016-05-30 13:26:15
105,88.60.105.144,2016-01-28 16:16:14
106,165.147.54.24,2015-09-07 12:29:31
107,218.156.74.133,2015-09-19 14:41:28
108,205.204.35.217,2015-03-30 00:42:16
109,11.81.247.207,2015-12-20 05:39:53
110,54.188.102.196,2016-05-01 19:54:06
111,2.49.135.119,2017-02-06 01:12:58
112,229.0.216.245,2015-08-10 14:25:30
113,192.78.134.182,2017-01-22 22:53:05
114,147.195.97.44,2016-01-16 23:19:57
115,219.77.129.149,2015-08-04 00:58:40
116,56.210.221.227,2015-06-29 18:19:27
117,177.70.7.104,2016-04-13 20:59:06
118,127.122.70.65,2016-12-07 00:45:04
119,52.25.131.111,2016-02-20 05:33:41
120,214.126.5.163,2015-09-22 04:20:21
121,148.67.200.169,2016-02-28 14:07:42
122,156.115.111.159,2015-10-19 08:55:08
123,97.138.195.69,2016-02-23 21:11:38
124,25.33.46.22,2016-03-25 11:47:19
125,38.85.195.135,2015-07-08 22:44:45
126,246.63.144.195,2016-02-21 06:55:53
127,185.206.225.146,2015-08-07 21:16:13
128,177.6.211.143,2015-10-30 05:49:53
129,186.172.136.194,2016-10-18 14:47:45
130,132.140.103.186,2015-05-29 05:06:27
131,133.118.249.1,2015-05-22 17:47:32
132,242.201.105.136,2016-02-28 19:57:42
133,36.43.47.226,2015-12-11 19:32:49
134,115.47.205.247,2015-12-20 02:36:54
135,186.76.105.76,2015-03-21 14:26:22
136,158.180.208.16,2016-12-23 22:27:28
137,187.128.194.113,2016-06-15 05:08:45
138,157.117.59.243,2015-07-26 13:44:31
139,181.126.118.108,2016-01-10 11:40:27
140,94.26.37.164,2016-09-18 16:07:33
141,0.253.236.12,2016-03-08 23:44:32
142,176.23.216.86,2017-02-03 12:22:07
143,69.201.103.42,2016-06-12 16:40:40
144,163.208.97.176,2015-04-19 22:18:36
145,207.231.33.220,2017-02-11 12:25:59
146,88.215.222.204,2015-09-01 22:18:36
147,167.209.170.196,2015-08-31 12:58:24
148,154.203.140.118,2015-06-12 12:26:47
149,25.235.239.175,2016-10-29 14:05:41
150,101.166.177.53,2015-09-03 05:46:20
151,191.173.237.198,2016-02-29 07:22:18
152,14.71.11.51,2016-02-17 19:04:04
153,189.199.79.34,2016-11-12 00:18:26
154,142.152.63.95,2015-11-28 10:09:24
155,92.82.211.8,2017-02-18 23:12:14
156,120.123.164.217,2015-12-23 20:16:12
157,129.209.14.85,2016-03-09 06:55:50
158,173.165.120.242,2016-01-12 01:38:50
159,9.119.178.89,2016-08-02 04:01:17
160,116.109.19.171,2015-12-20 17:31:59
161,24.209.187.174,2015-11-07 04:59:30
162,11.204.207.201,2016-07-09 18:17:10
163,27.46.229.204,2016-01-18 16:19:14
164,176.203.160.38,2015-09-23 04:24:19
165,107.95.124.252,2016-12-24 08:49:09
166,51.132.216.134,2016-08-05 22:29:43
167,137.97.155.56,2016-07-05 02:24:10
168,87.49.16.42,2015-03-20 00:12:20
169,81.102.156.142,2017-01-24 00:13:33
170,153.130.133.157,2016-04-19 14:06:31
171,22.177.52.86,2016-10-08 15:38:44
172,209.130.226.74,2015-09-04 10:56:16
173,73.19.65.90,2015-05-26 19:02:02
174,222.23.90.237,2015-04-20 12:16:22
175,202.170.57.230,2016-12-08 09:22:25
176,138.94.50.90,2015-03-05 17:16:26
177,105.241.135.44,2016-06-21 19:55:51
178,176.145.135.209,2016-06-08 05:59:02
179,74.125.199.126,2017-02-12 14:09:35
180,48.90.12.75,2015-11-21 03:33:52
181,169.125.242.26,2016-12-03 06:23:23
182,239.86.210.45,2016-03-09 12:39:35
183,113.194.104.216,2017-01-03 20:24:07
184,223.154.88.201,2016-10-31 01:39:19
185,173.77.217.193,2016-10-20 16:01:22
186,10.223.29.113,2016-09-01 18:27:08
187,48.230.93.200,2015-07-04 00:45:10
188,41.187.85.153,2016-10-13 19:27:45
189,229.34.180.200,2016-02-18 12:46:02
190,51.211.111.85,2015-09-25 20:06:03
191,142.221.98.112,2015-05-26 03:21:01
192,94.162.38.65,2015-05-16 18:09:02
193,109.64.51.19,2015-10-20 18:16:53
194,88.225.37.11,2016-02-02 19:23:53
195,101.160.74.91,2015-09-23 21:03:24
196,155.202.37.200,2016-04-02 22:39:58
197,95.205.203.204,2016-11-06 22:05:04
198,36.90.57.250,2015-03-15 02:49:02
199,67.57.75.67,2015-12-22 17:08:31
200,122.151.49.37,2016-07-23 15:57:18
201,106.138.74.222,2015-03-20 06:45:09
202,220.43.255.233,2016-03-07 13:48:16
203,175.7.211.28,2016-11-26 21:42:51
204,150.110.222.183,2015-05-14 10:49:14
205,188.158.76.117,2015-08-04 13:12:37
206,4.160.113.30,2016-06-21 20:02:15
207,165.251.215.34,2017-01-04 20:33:43
208,58.204.166.108,2016-05-07 01:11:26
209,131.124.206.21,2016-12-20 10:20:46
210,15.239.243.85,2017-01-27 16:00:56
211,16.156.220.206,2016-12-06 19:45:55
212,174.119.216.17,2015-08-17 01:15:21
213,95.133.226.157,2016-02-02 08:16:52
214,9.72.145.223,2015-07-30 19:46:45
215,194.177.255.144,2015-10-03 22:22:11
216,181.247.243.71,2016-05-04 06:49:45
217,80.184.76.230,2015-07-28 05:44:23
218,196.126.166.187,2016-12-19 03:37:28
219,87.100.146.167,2016-09-04 19:53:59
220,20.42.26.138,2015-08-04 03:30:45
221,185.171.165.229,2016-08-03 04:37:05
222,173.220.192.249,2015-05-20 04:43:55
223,99.210.45.1,2016-06-19 11:40:20
224,142.195.95.239,2016-01-16 09:52:11
225,19.107.31.218,2015-09-05 12:43:11
226,184.133.232.132,2016-05-18 21:44:50
227,148.80.159.187,2015-03-21 08:23:41
228,172.145.205.25,2015-03-05 08:53:46
229,205.138.41.101,2016-10-18 08:26:51
230,98.52.144.40,2015-07-08 23:15:53
231,47.245.12.249,2016-03-13 00:50:18
232,192.80.25.142,2015-07-18 01:19:15
233,66.229.244.82,2016-04-25 10:04:10
234,191.58.189.233,2015-09-19 12:47:55
235,101.205.51.198,2016-04-01 20:01:20
236,106.226.166.223,2015-12-03 08:41:45
237,244.60.231.26,2017-02-22 11:04:45
238,1.216.212.89,2015-07-27 23:45:54
239,16.9.66.175,2016-10-20 14:28:37
240,29.64.132.143,2017-01-07 20:45:23
241,103.98.85.139,2015-09-21 15:56:09
242,9.163.179.0,2015-07-01 01:45:22
243,144.139.251.210,2017-01-16 01:09:28
244,110.44.243.210,2016-09-11 16:57:33
245,105.228.188.56,2016-11-16 00:09:58
246,134.77.21.189,2016-12-08 10:56:48
247,178.3.27.107,2015-03-10 01:46:24
248,44.193.48.70,2016-06-14 15:36:40
249,190.21.66.27,2016-07-28 05:08:04
250,60.252.42.229,2015-07-23 00:35:39
251,220.255.1.107,2015-03-13 01:43:35
252,217.70.253.246,2017-02-15 03:58:41
253,77.102.78.218,2015-11-11 15:36:21
254,28.40.185.27,2015-03-17 18:32:02
255,196.58.88.198,2015-12-27 21:35:50
256,159.211.249.77,2015-06-16 10:07:50
257,13.231.190.113,2015-05-28 03:41:16
258,190.180.216.179,2016-10-26 21:57:10
259,95.217.101.149,2016-07-08 05:09:25
260,180.85.175.150,2015-09-15 15:35:14
261,144.190.160.163,2017-02-24 20:39:54
262,76.150.218.11,2015-04-04 10:16:56
263,112.92.166.84,2015-09-17 02:47:37
264,248.126.22.13,2015-08-23 16:48:09
265,157.105.80.169,2016-07-01 22:59:07
266,151.182.234.207,2015-06-08 18:48:18
267,73.220.32.14,2015-05-20 09:21:29
268,119.8.99.31,2016-02-02 08:08:58
269,14.228.96.11,2015-07-05 06:05:13
270,82.64.106.2,2015-04-07 14:58:29
271,239.135.245.160,2015-05-24 11:36:15
272,156.247.187.233,2016-08-02 12:30:05
273,72.249.173.39,2015-09-17 14:47:03
274,172.253.147.229,2015-08-12 06:56:33
275,205.9.173.217,2015-10-19 03:04:17
276,55.180.114.85,2015-03-23 05:14:45
277,120.167.168.190,2015-05-30 04:59:11
278,139.179.205.108,2016-08-03 15:51:42
279,107.179.181.225,2016-07-11 01:25:47
280,245.148.98.189,2016-04-03 09:59:02
281,108.233.55.116,2016-02-14 08:24:01
282,36.107.122.101,2016-04-06 07:32:37
283,135.217.38.125,2015-08-31 16:41:33
284,92.252.163.27,2017-02-20 16:30:59
285,0.246.110.238,2016-12-15 10:44:10
286,94.210.161.218,2016-11-13 02:47:53
287,152.114.127.129,2016-08-31 02:32:05
288,173.70.249.142,2016-06-17 08:59:47
289,72.104.183.108,2015-06-17 01:38:46
290,225.168.21.83,2017-01-19 15:59:34
291,33.249.254.160,2016-02-22 02:06:38
292,252.84.16.178,2015-11-29 06:05:28
293,213.140.74.152,2016-09-28 22:27:22
294,3.233.181.146,2016-03-22 17:55:38
295,204.161.35.77,2015-11-10 21:31:15
296,157.244.65.218,2016-07-18 21:31:01
297,14.138.80.153,2015-11-23 18:28:09
298,55.237.88.179,2016-03-11 22:22:37
299,207.163.96.45,2016-10-27 04:42:35
300,72.69.59.150,2015-08-11 12:46:11
301,109.156.44.144,2016-05-02 04:08:48
302,147.182.94.32,2016-06-17 17:33:17
303,6.47.44.25,2016-01-12 13:52:01
304,62.13.44.250,2016-08-26 09:00:02
305,227.191.191.85,2015-08-20 06:20:34
306,146.83.215.128,2016-06-30 18:09:49
307,246.134.149.97,2015-04-27 00:04:41
308,153.110.158.227,2016-07-03 14:41:10
309,218.50.255.100,2016-06-10 01:59:33
310,141.143.74.57,2016-08-15 04:29:19
311,45.90.128.132,2016-03-24 18:15:35
312,225.44.223.32,2015-07-22 18:50:56
313,197.95.117.63,2015-11-03 14:49:15
314,205.1.78.52,2016-05-22 09:14:25
315,139.18.158.17,2016-05-17 02:56:21
316,218.129.80.29,2016-10-16 11:07:00
317,82.50.53.56,2016-08-18 21:49:46
318,14.2.68.225,2017-02-23 00:59:04
319,152.34.42.189,2015-09-23 07:47:55
320,188.137.13.202,2015-06-10 22:19:07
321,245.171.155.121,2015-08-18 14:22:45
322,214.32.66.78,2015-07-25 22:35:29
323,47.9.222.226,2016-01-04 14:37:38
324,224.131.109.230,2015-10-22 23:50:58
325,5.139.28.136,2016-09-14 19:42:34
326,161.189.219.235,2016-09-24 21:13:04
327,202.168.221.90,2015-05-18 08:36:40
328,22.166.77.24,2017-01-20 04:27:19
329,9.225.203.219,2015-03-13 11:40:04
330,147.4.109.1,2016-06-16 11:47:34
331,103.71.160.196,2015-07-28 03:20:45
332,203.61.189.28,2015-12-10 23:45:29
333,32.1.122.127,2015-04-05 07:46:56
334,100.240.204.121,2015-03-20 08:06:14
335,188.174.24.135,2015-05-10 23:59:47
336,32.155.163.62,2016-07-24 01:58:40
337,142.248.59.219,2015-03-18 11:54:03
338,141.58.161.132,2015-08-02 12:39:05
339,224.126.249.216,2015-10-14 03:41:01
340,157.155.33.44,2015-09-29 17:10:56
341,168.13.86.56,2015-04-12 12:57:25
342,13.242.178.24,2015-06-07 23:51:11
343,106.195.133.165,2015-12-25 00:46:00
344,246.216.240.154,2016-09-14 16:31:08
345,106.143.118.220,2015-04-16 21:54:50
346,167.187.169.45,2016-04-28 05:14:37
347,170.215.186.124,2016-08-31 19:43:57
348,224.30.4.172,2015-10-14 11:45:42
349,57.32.168.186,2016-04-19 17:52:13
350,153.237.235.82,2015-10-24 07:50:32
351,185.192.176.116,2015-09-07 08:25:48
352,153.31.249.43,2016-09-07 10:12:35
353,8.194.211.189,2016-04-19 15:28:23
354,255.151.241.45,2016-06-21 21:53:48
355,124.219.66.49,2016-11-21 07:08:07
356,34.240.134.82,2015-03-27 14:27:11
357,254.239.49.170,2015-06-03 01:04:06
358,163.187.219.17,2015-08-20 07:02:51
359,168.171.223.247,2016-04-21 01:06:37
360,230.13.153.201,2015-12-29 02:27:46
361,229.180.234.79,2016-05-29 18:03:20
362,96.16.67.76,2016-10-30 18:09:39
363,129.0.58.102,2015-12-31 01:49:05
364,218.77.15.192,2016-03-17 04:17:50
365,175.141.198.75,2015-06-30 07:39:10
366,173.95.46.43,2015-10-28 05:47:57
367,149.45.34.247,2016-08-12 10:19:03
368,84.241.244.209,2015-08-29 22:16:04
369,16.219.188.185,2017-01-03 23:02:24
370,160.47.43.74,2015-12-26 00:33:28
371,146.203.50.53,2015-09-21 19:40:25
372,124.38.211.211,2016-01-19 09:09:08
373,224.107.108.112,2015-03-09 20:14:07
374,45.68.100.43,2015-03-03 08:57:59
375,239.253.229.243,2016-03-13 07:44:36
376,107.6.147.58,2016-06-06 17:41:32
377,194.114.15.239,2017-01-17 05:41:48
378,223.95.241.163,2016-11-07 05:36:49
379,164.104.73.88,2015-06-27 19:45:01
380,74.131.134.73,2015-04-04 17:00:56
381,5.180.3.237,2016-01-02 17:18:39
382,248.32.136.244,2016-05-22 15:48:32
383,186.132.53.78,2017-02-16 18:47:55
384,79.222.156.4,2015-11-03 19:30:39
385,196.35.117.247,2016-01-08 22:36:15
386,58.237.6.188,2016-09-25 04:05:41
387,105.247.35.31,2016-02-27 23:05:30
388,80.69.241.100,2016-01-24 05:54:02
389,116.241.174.108,2015-11-25 09:33:02
390,100.79.163.176,2016-06-25 18:51:50
391,211.236.253.27,2016-07-30 03:14:24
392,86.106.254.208,2016-10-12 05:13:34
393,22.77.41.35,2015-12-22 02:43:53
394,152.253.79.18,2015-07-05 16:52:14
395,214.13.181.206,2016-09-01 01:20:09
396,237.15.30.65,2016-04-21 21:02:25
397,139.208.104.167,2016-04-29 04:50:07
398,215.19.226.232,2015-05-14 22:20:47
399,252.210.62.66,2017-01-07 15:14:15
400,217.186.130.179,2015-08-21 16:34:19
401,201.126.0.202,2017-02-21 07:18:46
402,68.16.254.49,2015-07-12 10:39:51
403,22.86.102.114,2015-07-05 19:23:09
404,4.61.135.83,2016-06-06 08:41:12
405,64.215.172.204,2015-09-12 08:14:00
406,247.124.193.162,2016-05-16 02:14:07
407,113.60.78.240,2015-05-19 23:16:05
408,6.40.177.151,2017-02-25 14:43:05
409,44.219.2.100,2015-09-12 02:39:44
410,69.80.184.238,2016-01-03 20:58:52
411,57.170.57.210,2015-11-02 09:58:03
412,151.199.118.202,2015-11-03 09:58:03
413,117.21.162.133,2015-11-17 11:10:37
414,90.196.22.69,2015-07-02 00:55:15
415,79.12.100.238,2017-02-10 16:46:04
416,61.32.214.27,2015-07-05 09:22:00
417,131.31.52.16,2017-02-15 21:55:35
418,164.87.87.201,2017-02-09 13:10:52
419,178.213.188.211,2015-06-19 11:28:40
420,173.43.176.128,2016-09-08 22:57:29
421,201.59.81.142,2016-03-31 00:28:45
422,21.195.35.132,2016-04-02 04:18:34
423,86.152.150.188,2015-07-13 11:29:54
424,200.60.138.137,2015-06-12 00:11:56
425,170.201.24.233,2016-03-03 19:35:02
426,199.102.241.228,2015-08-14 07:58:14
427,43.191.53.60,2016-01-09 20:33:53
428,239.84.194.215,2015-09-02 22:43:18
429,0.148.53.162,2016-11-25 20:00:46
430,27.168.138.223,2016-08-04 03:24:38
431,241.97.84.181,2016-05-16 19:55:15
432,56.83.236.203,2016-07-13 12:00:31
433,185.51.184.79,2017-01-26 23:51:57
434,157.174.23.216,2016-02-20 03:02:49
435,183.158.58.172,2016-02-20 12:22:34
436,244.141.195.192,2016-11-05 02:08:01
437,174.241.208.8,2016-05-23 05:55:54
438,133.11.15.59,2015-03-20 01:47:20
439,193.86.220.110,2015-11-30 05:18:48
440,160.92.88.224,2015-03-21 03:48:33
441,245.65.222.114,2015-08-08 01:18:58
442,99.244.227.14,2016-11-19 01:04:50
443,50.203.40.45,2015-04-20 16:10:35
444,15.132.243.77,2015-04-08 06:46:49
445,28.104.217.160,2016-02-29 09:09:02
446,56.146.182.19,2015-09-17 05:50:57
447,56.207.116.197,2016-11-26 02:53:38
448,189.45.182.93,2017-02-26 19:37:27
449,142.249.124.0,2016-03-12 20:33:31
450,15.193.246.16,2016-07-31 18:33:21
451,236.104.5.212,2016-02-22 13:35:24
452,186.172.252.96,2015-08-09 09:37:32
453,213.133.211.236,2015-08-13 05:27:00
454,111.255.82.58,2015-06-26 20:41:21
455,207.114.152.214,2015-08-26 23:56:17
456,176.184.30.170,2016-05-10 05:47:13
457,147.41.120.160,2017-01-18 02:07:52
458,133.115.119.238,2016-10-17 05:45:56
459,79.134.88.30,2016-02-29 06:30:21
460,56.104.207.120,2015-05-21 20:29:52
461,31.18.93.61,2015-03-04 23:00:09
462,43.105.153.111,2015-11-29 15:51:22
463,128.255.21.51,2015-04-22 18:30:59
464,224.78.78.40,2016-08-05 10:38:47
465,176.132.162.68,2016-02-21 05:23:37
466,227.40.64.147,2016-04-28 08:57:46
467,160.235.158.84,2015-08-28 23:05:54
468,148.53.15.71,2016-04-26 12:01:02
469,82.161.216.14,2015-04-11 17:01:13
470,69.133.176.222,2016-08-30 06:19:12
471,230.98.55.37,2015-10-05 16:58:20
472,44.8.87.88,2017-01-22 13:48:49
473,143.1.96.157,2016-06-06 02:33:26
474,80.151.54.74,2016-05-14 08:38:34
475,81.45.244.28,2016-03-08 00:21:08
476,167.204.33.206,2015-04-18 14:26:57
477,218.17.172.192,2015-03-12 05:59:39
478,155.13.118.3,2015-06-21 09:12:47
479,71.153.184.135,2016-10-25 11:45:29
480,70.137.97.125,2016-03-01 09:11:15
481,191.13.132.215,2016-01-22 02:16:54
482,244.26.0.103,2016-11-27 15:26:23
483,135.10.253.104,2016-11-07 12:20:55
484,210.129.157.109,2016-07-05 05:40:09
485,158.222.175.8,2016-02-05 03:00:19
486,108.138.151.135,2016-08-08 08:05:34
487,171.59.126.142,2016-06-15 20:54:26
488,9.197.91.170,2015-08-18 01:43:55
489,60.146.54.92,2016-01-05 07:31:58
490,220.158.209.58,2016-01-04 03:08:34
491,23.232.2.57,2015-04-28 08:21:55
492,175.244.63.250,2016-09-28 12:31:54
493,118.225.92.45,2015-05-13 07:22:00
494,110.184.24.200,2016-04-23 12:56:36
495,210.7.133.39,2015-11-17 22:59:35
496,192.238.168.44,2016-11-17 16:54:01
497,173.65.138.102,2016-05-31 15:23:57
498,4.83.242.247,2015-11-12 02:57:07
499,97.101.138.127,2016-08-24 02:58:53
500,159.127.164.179,2015-06-24 10:37:42
501,165.165.201.246,2016-09-11 22:26:58
502,212.190.109.25,2016-12-11 20:30:48
503,238.189.254.102,2015-05-11 11:40:55
504,4.235.170.85,2015-04-03 12:26:33
505,161.117.241.13,2016-12-16 05:39:10
506,31.203.195.220,2015-08-14 05:05:56
507,32.75.39.104,2016-10-10 11:57:44
508,11.30.224.112,2015-03-23 01:40:11
509,104.152.241.126,2015-03-04 20:02:29
510,193.155.197.20,2017-02-02 15:41:26
511,101.29.185.126,2016-06-22 04:57:59
512,177.52.194.178,2016-05-19 10:50:37
513,166.216.84.6,2015-03-18 21:59:21
514,174.166.40.75,2015-07-22 07:47:34
515,222.27.92.137,2015-04-22 14:41:35
516,66.65.255.166,2016-02-11 23:09:59
517,181.45.224.13,2015-10-23 01:09:26
518,74.218.3.226,2015-11-26 00:18:49
519,241.251.169.105,2016-12-04 04:33:06
520,237.252.172.159,2015-05-06 04:00:23
521,235.138.189.23,2015-05-12 08:37:04
522,236.63.41.55,2016-03-06 16:02:12
523,144.105.53.59,2015-08-04 20:32:07
524,111.255.181.26,2016-06-11 16:14:39
525,66.157.24.203,2016-01-29 12:16:36
526,252.226.242.243,2015-12-28 09:03:54
527,198.84.81.119,2016-08-01 08:33:46
528,194.164.216.239,2017-01-01 18:10:50
529,130.153.129.243,2015-12-23 00:30:52
530,64.186.229.7,2016-02-22 04:18:57
531,56.142.228.136,2017-01-26 11:09:24
532,125.109.247.93,2016-05-29 22:53:21
533,92.44.182.202,2016-03-03 17:10:07
534,166.222.86.235,2016-05-20 07:43:42
535,162.117.173.80,2015-10-02 15:07:13
536,103.109.112.20,2016-09-30 02:06:38
537,148.122.251.89,2016-07-27 23:29:20
538,136.42.90.121,2016-08-20 08:24:11
539,56.94.45.85,2016-01-21 03:09:43
540,64.201.108.97,2016-06-22 08:39:16
541,23.63.125.127,2017-02-03 21:54:20
542,82.149.50.134,2015-12-09 19:20:35
543,174.27.130.13,2015-06-08 12:15:39
544,58.187.43.209,2015-09-29 23:47:32
545,24.74.16.165,2015-06-06 01:56:22
546,248.109.157.80,2015-07-03 00:16:58
547,85.174.66.76,2016-05-16 15:37:30
548,21.79.152.208,2015-05-29 15:40:34
549,137.1.159.42,2016-05-11 12:50:34
550,45.234.230.54,2015-04-26 04:28:21
551,36.113.37.28,2016-06-27 20:49:52
552,20.57.166.182,2016-06-07 17:23:53
553,15.75.134.157,2016-09-02 07:33:18
554,100.153.185.182,2016-10-10 02:26:38
555,113.91.175.246,2017-02-24 21:24:13
556,50.179.27.39,2016-05-06 17:38:06
557,165.93.113.153,2015-09-13 03:28:28
558,159.204.110.126,2017-02-14 19:42:32
559,177.36.132.28,2015-08-12 17:56:50
560,107.37.231.79,2015-09-06 22:47:31
561,124.125.43.127,2016-10-24 19:19:10
562,40.234.231.56,2016-03-29 14:56:39
563,217.186.174.127,2015-12-12 00:20:45
564,253.201.61.51,2016-03-21 20:29:58
565,48.42.121.68,2015-06-16 00:04:12
566,239.217.111.186,2017-02-11 14:40:49
567,158.136.143.184,2016-05-23 23:36:12
568,46.50.98.170,2015-09-03 08:42:50
569,148.197.104.72,2016-09-09 05:16:30
570,23.157.87.192,2015-07-27 17:20:13
571,91.244.91.95,2016-06-04 01:17:17
572,37.11.4.74,2015-04-21 15:52:19
573,176.115.161.133,2016-10-24 11:32:07
574,19.18.185.82,2016-10-13 01:28:26
575,228.34.98.129,2015-11-24 22:50:32
576,15.241.72.99,2016-11-22 23:35:32
577,97.104.62.77,2015-03-08 11:42:02
578,31.32.167.36,2016-06-06 17:10:01
579,75.113.65.82,2015-06-06 00:16:00
580,152.215.11.38,2016-03-16 05:48:28
581,125.239.66.134,2015-10-24 02:38:45
582,216.233.166.158,2016-01-16 18:22:20
583,79.20.151.181,2015-10-16 16:10:42
584,179.29.92.69,2016-08-07 05:06:52
585,247.114.14.194,2015-06-29 09:02:36
586,110.183.158.95,2016-03-20 03:56:55
587,187.82.211.4,2016-07-29 09:21:16
588,91.148.19.180,2015-08-10 07:56:51
589,51.50.132.26,2016-06-13 14:33:18
590,44.127.242.220,2015-04-27 06:05:27
591,211.40.36.153,2015-12-08 07:58:58
592,19.31.15.121,2016-03-20 05:29:43
593,178.246.73.144,2015-03-25 04:54:50
594,106.139.0.64,2015-06-06 03:27:19
595,50.81.7.15,2015-03-23 09:11:12
596,27.240.161.190,2015-10-15 23:17:45
597,221.49.26.51,2016-12-26 13:13:25
598,152.132.50.176,2017-01-23 20:15:43
599,52.234.123.193,2016-03-11 00:50:13
600,57.21.207.119,2016-02-22 10:29:37
601,43.24.212.77,2016-02-14 04:31:58
602,226.87.115.230,2015-03-20 13:00:06
603,247.125.181.180,2016-12-24 16:44:07
604,116.211.180.169,2016-01-20 10:50:41
605,66.148.229.174,2016-06-17 17:59:33
606,102.72.181.58,2016-05-05 14:02:55
607,211.106.183.9,2016-05-17 14:58:43
608,131.173.110.101,2015-12-17 20:27:07
609,111.23.223.4,2015-04-19 10:21:17
610,102.250.111.131,2015-08-30 10:39:53
611,76.231.201.71,2016-09-08 12:15:27
612,44.241.106.24,2015-07-08 09:36:20
613,41.67.76.121,2016-07-07 02:52:20
614,82.232.82.248,2015-05-20 21:59:29
615,206.173.194.47,2015-10-24 15:26:07
616,2.130.249.154,2016-03-09 17:55:52
617,130.14.120.156,2016-09-27 09:42:41
618,109.6.249.222,2015-08-30 21:57:39
619,91.136.59.190,2015-05-13 01:27:43
620,102.101.241.53,2015-03-19 13:15:11
621,95.202.195.227,2015-10-22 10:04:08
622,147.139.34.228,2015-12-22 19:10:19
623,40.164.122.174,2016-09-18 11:35:37
624,19.140.173.75,2015-11-14 22:48:53
625,162.150.190.121,2016-06-30 18:22:32
626,124.229.29.85,2015-03-16 00:49:16
627,149.248.194.162,2015-11-02 08:57:33
628,33.137.242.251,2016-08-05 03:22:49
629,118.216.227.159,2016-04-29 20:12:53
630,26.222.65.62,2015-03-26 20:32:57
631,248.171.95.215,2016-11-19 00:53:04
632,130.107.10.194,2017-02-04 15:24:04
633,104.73.237.98,2017-01-08 00:11:03
634,100.113.215.246,2016-05-06 01:52:11
635,235.119.157.90,2016-08-10 10:31:27
636,218.22.184.162,2016-07-28 20:26:15
637,163.216.232.30,2015-06-09 10:27:14
638,174.108.25.242,2016-04-08 05:17:04
639,27.110.181.151,2015-06-09 13:00:06
640,158.56.157.142,2016-07-09 05:59:56
641,192.196.250.65,2016-11-11 13:01:17
642,182.49.62.149,2017-02-23 16:28:49
643,13.85.255.40,2015-04-27 04:19:20
644,35.134.96.231,2016-07-24 16:20:36
645,9.80.12.151,2015-04-03 22:47:56
646,48.175.106.249,2015-09-18 07:55:20
647,147.209.190.161,2016-02-19 00:08:12
648,134.137.23.65,2017-02-21 22:59:46
649,138.75.210.115,2017-02-18 03:54:55
650,150.125.105.10,2015-09-06 10:12:37
651,19.8.1.239,2016-12-18 02:48:08
652,164.55.245.126,2016-06-16 04:22:36
653,109.172.52.222,2017-02-06 01:45:11
654,82.75.7.243,2017-02-26 03:02:00
655,169.159.242.92,2016-06-05 16:48:36
656,134.85.8.1,2015-08-20 03:09:07
657,54.54.10.101,2015-12-08 00:53:02
658,161.144.204.68,2015-06-16 14:16:48
659,113.146.166.68,2015-11-10 06:09:58
660,130.232.89.103,2016-11-27 14:06:28
661,76.86.85.231,2017-01-14 05:17:29
662,113.15.70.66,2015-06-22 14:42:41
663,224.57.63.137,2016-04-03 00:19:02
664,248.131.20.193,2016-11-18 21:51:41
665,149.247.69.72,2016-01-12 05:38:27
666,47.17.34.89,2017-02-13 05:24:12
667,235.64.12.144,2015-04-17 20:42:42
668,13.239.197.42,2015-05-30 12:14:45
669,132.178.68.194,2016-04-26 10:58:07
670,225.8.239.27,2016-06-24 07:09:25
671,163.145.138.70,2016-02-14 03:24:00
672,237.25.253.87,2015-04-01 04:17:15
673,27.131.78.127,2016-05-22 13:53:50
674,40.76.58.150,2016-03-11 09:01:42
675,152.162.154.144,2015-07-03 08:55:55
676,10.218.95.61,2015-05-04 14:47:56
677,69.255.54.220,2015-05-01 06:06:08
678,46.171.56.26,2016-02-06 06:25:56
679,45.116.200.122,2016-11-08 12:03:43
680,152.255.161.31,2015-06-28 08:06:32
681,38.31.137.138,2017-01-25 00:47:01
682,129.113.70.141,2015-09-04 05:03:40
683,139.240.218.28,2016-04-05 21:34:06
684,72.178.77.129,2015-04-27 11:30:56
685,254.111.118.4,2016-08-29 17:44:13
686,113.184.244.208,2015-09-06 06:15:08
687,213.79.255.178,2017-02-23 22:19:40
688,236.73.6.60,2016-01-14 19:46:16
689,124.204.172.137,2015-10-22 17:13:17
690,212.252.121.172,2015-08-01 07:08:12
691,79.169.233.92,2016-02-15 00:49:25
692,65.233.244.152,2015-04-17 22:39:10
693,174.187.68.203,2015-08-26 01:59:39
694,80.70.206.244,2015-06-20 23:03:01
695,97.122.132.57,2016-12-01 00:37:46
696,145.56.55.153,2016-09-29 22:20:48
697,209.13.17.11,2016-10-22 19:13:30
698,31.18.146.179,2016-01-02 20:07:00
699,83.221.250.165,2015-09-23 22:08:15
700,234.231.198.103,2015-03-20 05:16:03
701,145.200.131.24,2016-05-26 23:53:40
702,31.45.2.250,2016-06-30 20:53:19
703,198.142.67.252,2015-11-04 10:02:40
704,229.170.127.137,2015-10-14 13:16:45
705,78.230.234.124,2016-01-02 14:16:26
706,153.202.110.101,2015-05-19 08:16:14
707,45.118.26.28,2017-01-27 05:01:24
708,93.189.13.87,2016-04-07 23:11:10
709,215.10.206.147,2015-03-12 12:29:09
710,200.60.55.94,2015-03-02 00:28:26
711,81.174.209.29,2016-03-03 19:24:33
712,175.77.84.15,2016-08-12 15:39:36
713,182.165.61.37,2015-06-08 10:34:00
714,126.153.238.159,2017-02-27 09:23:35
715,148.19.3.182,2017-01-12 10:09:29
716,15.128.255.194,2016-02-24 17:01:31
717,171.107.213.180,2016-11-25 09:25:39
718,220.28.70.10,2016-08-05 01:39:21
719,6.82.163.234,2016-07-21 01:30:56
720,71.255.66.174,2015-12-14 20:17:53
721,72.15.81.93,2015-08-08 03:35:54
722,69.4.127.21,2017-02-23 21:28:43
723,18.133.65.116,2016-03-04 03:16:23
724,81.226.42.123,2016-03-24 13:09:47
725,194.29.128.127,2015-03-24 17:24:15
726,245.83.129.53,2016-08-01 17:09:11
727,106.13.112.65,2016-01-07 00:13:04
728,135.87.64.121,2015-04-14 10:13:31
729,135.144.137.183,2015-08-17 17:15:04
730,43.87.217.207,2015-10-08 09:55:15
731,180.211.194.149,2016-06-10 02:24:46
732,126.138.45.248,2016-10-14 13:06:16
733,88.146.140.221,2015-06-24 15:28:31
734,18.202.61.215,2016-03-10 09:50:25
735,63.252.198.62,2015-07-05 20:06:56
736,164.141.29.73,2015-07-30 09:21:00
737,119.195.44.14,2016-07-15 08:50:25
738,14.204.251.202,2015-06-20 11:19:48
739,194.128.239.52,2016-07-20 21:59:56
740,30.41.40.32,2015-10-18 08:34:37
741,64.18.226.247,2016-05-04 09:00:11
742,245.34.145.95,2016-12-07 03:24:45
743,202.110.29.185,2015-06-12 18:16:45
744,216.59.182.150,2016-05-19 04:15:05
745,171.150.32.9,2016-04-28 19:41:19
746,170.70.233.52,2015-03-15 16:54:47
747,83.76.91.72,2016-01-27 20:39:23
748,138.191.164.73,2016-08-25 10:28:37
749,97.40.39.61,2016-01-12 19:17:58
750,164.242.105.120,2015-09-25 21:03:56
751,121.26.97.203,2015-08-22 23:59:25
752,193.14.98.191,2015-05-01 13:28:41
753,2.220.105.49,2017-01-30 21:59:58
754,103.138.84.189,2015-06-12 04:11:59
755,112.225.95.90,2016-02-04 19:41:36
756,67.90.105.115,2015-09-25 17:58:57
757,170.215.75.81,2016-11-24 04:29:17
758,234.136.249.27,2015-08-26 21:16:43
759,47.232.41.19,2016-12-28 02:18:55
760,36.169.22.140,2015-07-16 01:31:44
761,31.171.81.186,2016-07-14 13:27:01
762,214.64.60.252,2016-02-16 12:57:10
763,34.199.60.142,2016-06-01 22:31:06
764,125.84.172.251,2016-08-13 21:59:36
765,58.73.114.206,2016-10-14 06:08:59
766,21.193.215.229,2015-08-26 18:43:54
767,141.246.250.130,2015-05-04 00:07:07
768,57.253.195.158,2016-04-25 20:17:00
769,253.24.105.125,2016-11-27 14:46:58
770,167.241.195.19,2016-08-31 11:40:02
771,73.113.191.161,2016-09-24 16:33:34
772,212.153.50.137,2016-03-30 09:37:02
773,239.204.117.109,2016-10-24 10:31:33
774,76.12.94.252,2016-05-08 12:04:31
775,81.246.67.22,2015-06-25 11:55:21
776,82.152.241.148,2015-06-17 01:34:16
777,173.24.82.209,2016-10-19 10:16:15
778,141.249.213.100,2015-04-13 03:12:03
779,208.25.127.49,2016-06-30 04:33:25
780,130.30.195.134,2016-06-14 09:08:38
781,218.209.64.58,2016-04-28 20:26:42
782,237.136.240.230,2016-01-09 10:07:26
783,70.75.181.5,2015-04-08 15:14:10
784,83.17.18.66,2015-06-28 02:29:35
785,168.109.70.40,2015-06-05 02:24:09
786,187.63.208.215,2015-06-23 07:05:31
787,60.0.200.63,2015-06-22 06:27:06
788,54.23.119.212,2015-12-07 04:46:16
789,57.182.109.185,2015-08-16 11:47:39
790,124.121.229.145,2015-05-28 10:52:38
791,189.19.57.93,2015-06-08 17:55:17
792,188.103.80.244,2015-04-10 16:13:39
793,116.165.222.179,2015-10-22 18:40:19
794,176.119.46.50,2016-07-16 19:41:26
795,147.147.90.224,2015-05-21 15:53:08
796,147.147.141.195,2016-02-04 03:15:43
797,211.2.96.10,2016-08-19 01:48:37
798,103.242.43.59,2015-06-29 22:29:22
799,50.97.47.253,2016-05-01 19:27:04
800,87.220.163.49,2015-08-25 21:32:39
801,229.3.77.12,2016-06-23 13:35:16
802,164.201.138.88,2016-11-11 08:14:17
803,178.238.1.35,2015-05-10 02:10:44
804,221.166.178.45,2016-12-19 22:10:39
805,135.234.244.17,2015-10-26 15:02:27
806,233.148.243.124,2017-02-09 19:54:51
807,42.177.66.68,2016-08-23 20:26:30
808,27.61.48.227,2016-09-18 09:33:31
809,102.200.168.250,2016-02-21 03:27:41
810,250.178.6.235,2015-12-22 14:53:14
811,8.204.88.16,2015-12-21 08:11:50
812,172.56.196.221,2015-07-02 03:11:43
813,240.78.80.11,2015-04-11 06:19:51
814,232.163.17.106,2015-07-13 04:04:02
815,47.91.159.54,2016-11-10 06:25:38
816,186.238.71.186,2015-09-27 13:47:56
817,209.33.253.228,2017-02-20 11:33:58
818,179.22.96.102,2017-02-27 19:52:14
819,13.253.120.144,2016-08-19 21:09:28
820,103.247.193.154,2015-03-31 09:02:49
821,54.89.149.82,2015-11-11 19:23:15
822,229.201.133.117,2015-04-04 18:00:08
823,141.51.191.217,2015-03-22 15:45:09
824,255.146.148.253,2016-11-24 04:35:22
825,169.143.64.102,2016-07-01 06:19:09
826,76.239.79.122,2016-02-27 20:18:40
827,222.201.79.121,2015-04-28 11:10:41
828,233.8.171.228,2015-04-30 18:54:09
829,251.229.12.18,2015-11-29 15:33:32
830,245.93.104.216,2015-11-20 14:22:32
831,79.10.177.22,2015-07-09 15:46:13
832,128.237.205.128,2016-09-05 17:48:08
833,54.186.177.5,2015-11-16 18:25:29
834,7.176.40.242,2015-09-26 00:58:13
835,106.59.87.163,2016-04-14 17:29:21
836,168.160.200.32,2015-07-31 08:31:39
837,12.174.194.95,2015-07-13 09:06:26
838,177.211.69.123,2016-04-28 02:27:00
839,31.54.102.151,2017-01-05 18:51:37
840,203.121.64.39,2015-09-01 20:08:00
841,61.71.190.110,2016-09-03 17:30:13
842,50.90.37.107,2015-03-17 17:57:26
843,16.18.126.234,2015-11-17 07:12:05
844,53.102.3.53,2016-02-03 16:08:27
845,138.83.211.87,2015-05-22 21:29:37
846,198.89.44.93,2016-01-16 17:45:58
847,124.197.70.168,2016-07-10 21:59:07
848,120.0.68.242,2015-06-24 00:42:26
849,164.147.89.150,2015-06-25 17:20:59
850,142.211.225.251,2016-11-02 04:35:40
851,176.223.32.113,2015-11-21 08:07:27
852,16.103.138.214,2016-03-09 04:55:00
853,35.147.109.13,2016-01-22 10:33:21
854,223.71.21.199,2015-11-19 02:24:27
855,148.19.89.90,2015-07-19 04:56:36
856,104.125.189.33,2015-08-04 15:16:26
857,100.172.133.199,2016-11-06 20:54:15
858,33.209.163.68,2015-10-02 11:09:08
859,107.16.230.56,2016-08-29 20:21:05
860,94.120.176.121,2015-10-13 07:10:38
861,3.206.154.194,2017-02-06 21:10:19
862,108.19.157.86,2015-06-04 18:02:55
863,211.163.128.96,2016-10-13 20:26:40
864,176.92.54.69,2016-11-17 07:48:06
865,58.1.2.128,2017-02-04 20:40:21
866,189.39.3.124,2015-06-07 05:56:28
867,239.56.231.239,2015-10-26 02:59:48
868,80.243.58.224,2016-07-27 17:40:07
869,145.80.115.177,2016-08-24 04:36:00
870,65.235.187.139,2016-09-15 14:20:25
871,15.20.144.76,2015-05-23 11:05:08
872,201.109.70.218,2017-02-07 15:13:36
873,31.193.63.207,2015-08-09 05:03:14
874,171.245.166.85,2016-03-06 12:20:28
875,116.146.129.65,2015-04-02 17:01:41
876,32.175.180.48,2015-04-17 01:39:31
877,220.89.30.208,2015-11-25 00:01:14
878,244.198.116.188,2016-07-23 15:41:56
879,67.102.218.235,2017-01-12 09:31:36
880,3.66.79.189,2015-03-25 10:25:12
881,201.70.95.33,2015-09-13 11:16:11
882,205.205.97.81,2016-12-01 04:27:03
883,120.246.83.207,2015-09-19 14:09:19
884,188.112.30.120,2016-02-08 17:19:38
885,77.218.225.215,2015-11-23 09:44:50
886,26.213.131.13,2015-09-29 15:29:18
887,221.220.71.28,2016-08-12 17:56:11
888,213.208.35.248,2016-09-03 20:52:37
889,67.117.136.24,2016-06-22 19:03:35
890,163.95.128.245,2016-07-15 14:21:29
891,12.154.191.117,2015-06-14 20:28:51
892,253.126.166.241,2016-11-21 14:27:15
893,162.58.215.70,2017-01-26 10:05:21
894,157.152.135.210,2015-08-19 21:14:10
895,84.251.110.8,2016-06-20 09:22:47
896,235.88.159.241,2015-03-23 01:22:45
897,46.43.22.82,2016-11-23 21:28:20
898,93.218.69.79,2016-12-06 02:23:29
899,37.95.39.200,2016-05-05 17:12:39
900,136.111.176.21,2017-01-21 02:03:24
901,78.68.43.147,2015-11-23 17:31:34
902,18.198.75.207,2016-02-08 17:25:33
903,2.85.215.129,2016-04-17 09:29:14
904,127.96.182.93,2017-02-03 17:26:10
905,62.98.39.125,2016-05-20 23:25:31
906,109.17.23.99,2016-09-10 11:39:07
907,38.133.133.81,2016-05-29 21:40:25
908,190.101.42.167,2016-07-14 22:14:53
909,213.74.204.191,2016-01-14 15:56:30
910,147.133.141.101,2015-09-25 06:12:14
911,35.119.102.150,2017-01-05 01:31:12
912,145.105.35.207,2016-08-11 08:00:07
913,111.100.215.106,2015-09-11 19:19:49
914,96.227.178.27,2015-04-22 12:08:36
915,6.187.125.247,2016-03-05 18:37:00
916,57.16.242.58,2015-12-15 05:30:33
917,64.235.206.208,2016-11-30 03:28:33
918,90.33.40.200,2016-04-27 05:40:39
919,123.66.168.189,2016-07-22 02:01:08
920,20.53.131.172,2017-02-07 05:47:45
921,171.130.8.32,2015-04-30 20:54:28
922,119.255.238.42,2015-11-05 17:58:06
923,219.34.60.65,2016-02-27 09:52:50
924,120.229.160.90,2015-08-07 21:42:56
925,56.78.111.173,2017-02-10 14:55:43
926,1.88.98.128,2016-01-24 12:43:18
927,189.245.179.130,2015-09-23 00:50:22
928,23.175.34.162,2016-01-27 16:01:20
929,222.45.124.164,2016-09-23 11:37:20
930,108.61.110.47,2015-03-08 03:13:39
931,249.33.121.115,2015-05-21 21:02:46
932,144.190.87.111,2016-03-27 15:32:45
933,44.181.222.150,2015-08-16 20:25:38
934,154.48.156.101,2016-11-23 20:01:42
935,45.118.187.141,2015-08-02 05:07:23
936,48.75.37.22,2015-08-28 02:15:34
937,172.207.247.251,2015-12-10 23:14:42
938,83.15.165.60,2015-04-10 00:12:05
939,143.114.218.59,2015-12-03 10:52:59
940,131.143.195.180,2016-02-29 04:16:02
941,233.8.2.21,2016-09-14 00:09:45
942,19.176.22.41,2016-02-04 06:54:24
943,32.250.196.57,2016-10-06 23:40:42
944,47.243.29.246,2015-05-18 17:54:12
945,245.198.94.23,2017-02-06 05:47:36
946,61.226.34.106,2016-10-15 01:39:11
947,22.25.166.56,2017-01-12 21:15:13
948,233.250.88.160,2015-07-24 04:38:53
949,190.105.228.52,2015-11-25 16:51:25
950,208.8.183.159,2017-02-18 03:09:53
951,62.19.102.39,2015-03-22 04:13:51
952,181.141.77.148,2015-09-14 04:56:01
953,253.244.115.9,2016-09-30 08:40:11
954,178.171.1.232,2015-03-02 20:49:17
955,214.129.37.0,2015-03-18 17:14:38
956,199.73.36.138,2015-09-21 23:47:20
957,169.2.125.207,2015-06-26 05:19:23
958,113.84.197.32,2016-08-19 16:30:59
959,42.230.92.236,2016-07-29 20:23:51
960,68.40.145.131,2015-11-20 12:51:20
961,14.220.60.157,2015-06-22 00:10:31
962,54.51.180.102,2016-08-07 05:04:30
963,35.85.32.16,2017-02-26 19:06:22
964,75.91.50.164,2016-02-07 18:41:37
965,233.107.37.163,2016-01-26 20:54:26
966,212.179.151.99,2016-01-01 06:20:17
967,167.88.60.38,2015-03-13 22:21:09
968,183.205.101.52,2016-10-29 18:33:32
969,2.154.41.169,2015-03-18 15:43:36
970,206.169.195.85,2015-11-16 03:56:18
971,181.94.1.61,2016-08-14 02:01:40
972,103.31.40.232,2016-08-19 19:55:35
973,212.61.91.141,2016-07-22 04:01:18
974,114.109.164.93,2016-08-24 15:11:30
975,243.60.49.174,2015-04-30 15:50:40
976,78.111.27.168,2015-06-09 19:12:22
977,176.62.221.78,2017-01-29 12:13:13
978,108.18.14.6,2015-07-15 09:47:09
979,245.46.140.21,2016-06-11 07:20:20
980,165.238.22.210,2015-09-13 12:15:30
981,124.89.253.78,2015-06-29 13:01:16
982,9.49.100.117,2015-10-23 15:01:38
983,115.37.179.31,2016-09-01 22:22:22
984,79.185.207.182,2015-09-20 15:42:53
985,65.204.16.96,2016-01-02 07:30:24
986,174.37.123.32,2015-07-15 06:23:04
987,79.134.155.245,2016-12-30 05:03:42
988,46.206.245.190,2015-11-19 23:22:34
989,156.221.28.219,2015-06-29 07:05:22
990,45.3.80.75,2015-06-11 11:42:10
991,121.55.226.255,2016-01-20 07:04:38
992,7.134.141.158,2016-05-26 22:21:04
993,63.86.4.40,2016-11-24 06:47:43
994,206.195.131.114,2015-04-05 08:18:23
995,240.23.218.118,2016-07-15 08:08:03
996,31.224.192.4,2017-02-10 00:24:24
997,164.213.142.4,2017-02-01 13:24:59
998,243.79.156.99,2016-05-03 17:49:05
999,101.100.197.36,2015-11-22 02:00:31
1000,37.171.95.93,2015-04-29 12:14:33
